zip_code,population_2021,,,,
90011,"109,511",,,,
90650,"103,427",,,,
91331,"102,553",,,,
94565,"100,700",,,,
90044,"100,225",,,,
92336,"98,896",,,,
92335,"97,358",,,,
90805,"96,840",,,,
90250,"96,730",,,,
90201,"96,605",,,,
90280,"93,207",,,,
91342,"92,764",,,,
92683,"91,267",,,,
92503,"90,256",,,,
91911,"88,589",,,,
93722,"88,116",,,,
92345,"87,994",,,,
93307,"87,133",,,,
92376,"86,826",,,,
92804,"86,503",,,,
95076,"85,739",,,,
92154,"85,024",,,,
94112,"84,477",,,,
93033,"84,188",,,,
95823,"83,021",,,,
93550,"82,580",,,,
91710,"82,192",,,,
92592,"82,090",,,,
91744,"81,156",,,,
92509,"80,036",,,,
95035,"79,769",,,,
94533,"79,665",,,,
92704,"79,641",,,,
93727,"79,596",,,,
93535,"79,522",,,,
90706,"79,070",,,,
93257,"78,754",,,,
93274,"78,369",,,,
91709,"78,333",,,,
91335,"78,205",,,,
92126,"78,097",,,,
94544,"77,692",,,,
92563,"76,795",,,,
91910,"76,291",,,,
90003,"75,190",,,,
92880,"74,933",,,,
93306,"74,518",,,,
95630,"73,815",,,,
92805,"73,736",,,,
91706,"73,652",,,,
92553,"73,632",,,,
93536,"73,417",,,,
92105,"73,085",,,,
93065,"72,991",,,,
94536,"72,744",,,,
90255,"72,488",,,,
95747,"72,208",,,,
94509,"71,669",,,,
91766,"71,380",,,,
95123,"71,118",,,,
92021,"71,006",,,,
94110,"70,859",,,,
94587,"70,828",,,,
92882,"70,257",,,,
95687,"69,825",,,,
94568,"69,818",,,,
91730,"69,787",,,,
90631,"69,601",,,,
94541,"69,294",,,,
90037,"68,885",,,,
92407,"68,662",,,,
95624,"68,434",,,,
91402,"68,076",,,,
95020,"67,851",,,,
92114,"67,745",,,,
93230,"67,486",,,,
90262,"67,210",,,,
94080,"66,652",,,,
92630,"66,621",,,,
94538,"66,474",,,,
94558,"66,345",,,,
93906,"66,223",,,,
94513,"66,087",,,,
95206,"65,966",,,,
90026,"65,921",,,,
91977,"65,722",,,,
92801,"65,662",,,,
95758,"65,416",,,,
90022,"65,110",,,,
94806,"65,072",,,,
94015,"64,754",,,,
92677,"64,608",,,,
91343,"64,519",,,,
92703,"64,387",,,,
92404,"64,146",,,,
92562,"63,968",,,,
93905,"63,949",,,,
95608,"63,730",,,,
94501,"63,588",,,,
92201,"63,325",,,,
95127,"63,103",,,,
90640,"62,941",,,,
93309,"62,804",,,,
90731,"62,647",,,,
92627,"62,575",,,,
90660,"62,383",,,,
95014,"62,185",,,,
95828,"61,730",,,,
91762,"61,690",,,,
91702,"61,684",,,,
92115,"61,450",,,,
93291,"61,418",,,,
93313,"61,245",,,,
90019,"61,061",,,,
92392,"61,014",,,,
95111,"60,687",,,,
92647,"60,592",,,,
95051,"60,582",,,,
92707,"60,478",,,,
92620,"60,344",,,,
91761,"60,342",,,,
92223,"60,328",,,,
92020,"60,222",,,,
94122,"60,144",,,,
92346,"60,133",,,,
92071,"59,826",,,,
93458,"59,814",,,,
94087,"59,771",,,,
92507,"59,767",,,,
91732,"59,749",,,,
91770,"59,685",,,,
95670,"59,685",,,,
92570,"59,667",,,,
90042,"59,658",,,,
90004,"59,621",,,,
95355,"59,597",,,,
92530,"58,927",,,,
92571,"58,773",,,,
95112,"58,489",,,,
92057,"58,444",,,,
94591,"58,373",,,,
91950,"58,349",,,,
90745,"58,327",,,,
90001,"58,245",,,,
92504,"58,173",,,,
93030,"58,019",,,,
92324,"57,931",,,,
93312,"57,625",,,,
92130,"57,197",,,,
92708,"57,139",,,,
90006,"57,136",,,,
90744,"57,030",,,,
92027,"56,878",,,,
90813,"56,420",,,,
91764,"56,317",,,,
93063,"56,198",,,,
93436,"56,165",,,,
94109,"56,114",,,,
92646,"55,939",,,,
95023,"55,905",,,,
91405,"55,751",,,,
93215,"55,487",,,,
91786,"55,405",,,,
95376,"55,314",,,,
92117,"55,195",,,,
95350,"55,097",,,,
92399,"55,016",,,,
93117,"54,915",,,,
90066,"54,913",,,,
93308,"54,857",,,,
91745,"54,853",,,,
92780,"54,840",,,,
92584,"54,837",,,,
93551,"54,808",,,,
93277,"54,649",,,,
91344,"54,465",,,,
91406,"54,404",,,,
90002,"54,384",,,,
92618,"54,368",,,,
91304,"54,264",,,,
92557,"54,225",,,,
95122,"54,100",,,,
95648,"54,074",,,,
92056,"54,045",,,,
91801,"53,976",,,,
90723,"53,938",,,,
94539,"53,762",,,,
92129,"53,742",,,,
91913,"53,725",,,,
92840,"53,681",,,,
93003,"53,549",,,,
95125,"53,478",,,,
90034,"53,321",,,,
92078,"53,247",,,,
92833,"53,188",,,,
92656,"53,169",,,,
92870,"53,126",,,,
90063,"52,954",,,,
94601,"52,950",,,,
92505,"52,807",,,,
95616,"52,779",,,,
91605,"52,661",,,,
95124,"52,442",,,,
92544,"52,364",,,,
95037,"52,321",,,,
95116,"52,245",,,,
95207,"52,154",,,,
95757,"52,105",,,,
92026,"51,953",,,,
92234,"51,836",,,,
93638,"51,669",,,,
90047,"51,494",,,,
90220,"51,480",,,,
92113,"51,461",,,,
90018,"51,388",,,,
92127,"50,852",,,,
92024,"50,840",,,,
92025,"50,831",,,,
92886,"50,764",,,,
92028,"50,661",,,,
90221,"50,660",,,,
90024,"50,611",,,,
91767,"50,563",,,,
90630,"50,543",,,,
92626,"50,389",,,,
92128,"50,161",,,,
94550,"50,119",,,,
90703,"49,989",,,,
92243,"49,880",,,,
92084,"49,759",,,,
93304,"49,647",,,,
95240,"49,623",,,,
92111,"49,351",,,,
91306,"49,260",,,,
94553,"49,230",,,,
95351,"49,149",,,,
94577,"49,123",,,,
92701,"49,008",,,,
92064,"49,005",,,,
95136,"48,867",,,,
95008,"48,786",,,,
90046,"48,749",,,,
93311,"48,722",,,,
90247,"48,646",,,,
94303,"48,487",,,,
94086,"48,482",,,,
92691,"48,437",,,,
92843,"48,413",,,,
93619,"48,320",,,,
95843,"48,191",,,,
93720,"48,148",,,,
92879,"48,033",,,,
93010,"47,930",,,,
92705,"47,851",,,,
94560,"47,815",,,,
94014,"47,708",,,,
95307,"47,666",,,,
90057,"47,604",,,,
95060,"47,594",,,,
90033,"47,495",,,,
92395,"47,416",,,,
94582,"47,319",,,,
95148,"47,305",,,,
95336,"47,294",,,,
92058,"47,286",,,,
90620,"47,104",,,,
93611,"47,099",,,,
92009,"46,622",,,,
92410,"46,615",,,,
93635,"46,606",,,,
93036,"46,594",,,,
95403,"46,463",,,,
90065,"46,432",,,,
95822,"46,375",,,,
92069,"46,375",,,,
90638,"46,335",,,,
91765,"46,270",,,,
92692,"46,240",,,,
94546,"46,169",,,,
93446,"46,048",,,,
94928,"45,910",,,,
91352,"45,900",,,,
90016,"45,884",,,,
95610,"45,792",,,,
92104,"45,773",,,,
90023,"45,732",,,,
92019,"45,694",,,,
92555,"45,694",,,,
92122,"45,676",,,,
94566,"45,648",,,,
92648,"45,612",,,,
95380,"45,576",,,,
94116,"45,510",,,,
91790,"45,497",,,,
92040,"45,371",,,,
95762,"45,340",,,,
94605,"45,334",,,,
92109,"45,333",,,,
93726,"45,330",,,,
90032,"45,298",,,,
91387,"45,295",,,,
91748,"45,205",,,,
95678,"45,201",,,,
95209,"45,150",,,,
93702,"45,095",,,,
92374,"45,066",,,,
91367,"44,931",,,,
90503,"44,744",,,,
90241,"44,701",,,,
90027,"44,678",,,,
90025,"44,608",,,,
96003,"44,522",,,,
92688,"44,386",,,,
91320,"44,356",,,,
90043,"44,272",,,,
94403,"44,244",,,,
92867,"44,232",,,,
93455,"44,091",,,,
94561,"44,088",,,,
91733,"43,978",,,,
94121,"43,964",,,,
92506,"43,900",,,,
94066,"43,846",,,,
95831,"43,683",,,,
94010,"43,644",,,,
93534,"43,535",,,,
93292,"43,508",,,,
90501,"43,450",,,,
92545,"43,440",,,,
95926,"43,402",,,,
91606,"43,381",,,,
94804,"43,346",,,,
93552,"43,118",,,,
92101,"43,096",,,,
90815,"43,092",,,,
92308,"43,079",,,,
94531,"43,067",,,,
95991,"43,028",,,,
95210,"43,009",,,,
90242,"43,002",,,,
91360,"42,984",,,,
92802,"42,911",,,,
90278,"42,841",,,,
95621,"42,838",,,,
95337,"42,713",,,,
90605,"42,600",,,,
95628,"42,434",,,,
90275,"42,417",,,,
94521,"42,388",,,,
94578,"42,370",,,,
94901,"42,307",,,,
91350,"42,252",,,,
92236,"42,218",,,,
94134,"41,977",,,,
91789,"41,829",,,,
94025,"41,826",,,,
95765,"41,799",,,,
95407,"41,575",,,,
90806,"41,571",,,,
91016,"41,507",,,,
93706,"41,470",,,,
94118,"41,456",,,,
95838,"41,438",,,,
91739,"41,427",,,,
90045,"41,411",,,,
95132,"41,337",,,,
93454,"41,324",,,,
90059,"41,315",,,,
92821,"41,286",,,,
90007,"41,270",,,,
91311,"41,188",,,,
95835,"41,051",,,,
95301,"41,015",,,,
93637,"40,996",,,,
92591,"40,889",,,,
91942,"40,863",,,,
95833,"40,853",,,,
95826,"40,847",,,,
94117,"40,701",,,,
92307,"40,604",,,,
94551,"40,552",,,,
95695,"40,479",,,,
94611,"40,292",,,,
92102,"40,083",,,,
92806,"40,009",,,,
95688,"39,967",,,,
90604,"39,926",,,,
90808,"39,723",,,,
95205,"39,723",,,,
90012,"39,709",,,,
92394,"39,540",,,,
95691,"39,361",,,,
95129,"39,318",,,,
94534,"39,318",,,,
94583,"39,284",,,,
95050,"39,269",,,,
92240,"39,173",,,,
93711,"39,085",,,,
90802,"39,036",,,,
91701,"39,019",,,,
91401,"38,974",,,,
92231,"38,879",,,,
92083,"38,875",,,,
92672,"38,872",,,,
92543,"38,769",,,,
94044,"38,609",,,,
94606,"38,595",,,,
95928,"38,594",,,,
90031,"38,533",,,,
94555,"38,522",,,,
90301,"38,500",,,,
95973,"38,490",,,,
95120,"38,358",,,,
94954,"38,354",,,,
94061,"38,255",,,,
90020,"38,124",,,,
91776,"38,112",,,,
92337,"38,079",,,,
93021,"38,030",,,,
95404,"38,028",,,,
94590,"38,012",,,,
95993,"37,993",,,,
90804,"37,953",,,,
93305,"37,904",,,,
91763,"37,821",,,,
92253,"37,814",,,,
93705,"37,763",,,,
95121,"37,663",,,,
91104,"37,619",,,,
90036,"37,596",,,,
95340,"37,584",,,,
92301,"37,571",,,,
92054,"37,567",,,,
90505,"37,533",,,,
95825,"37,522",,,,
92037,"37,505",,,,
95821,"37,473",,,,
90810,"37,451",,,,
93245,"37,360",,,,
95382,"37,296",,,,
90005,"36,910",,,,
91001,"36,867",,,,
92831,"36,859",,,,
91711,"36,841",,,,
92065,"36,838",,,,
93612,"36,833",,,,
95401,"36,820",,,,
91768,"36,706",,,,
92706,"36,694",,,,
91362,"36,587",,,,
95476,"36,578",,,,
94404,"36,571",,,,
95126,"36,457",,,,
90277,"36,409",,,,
90621,"36,385",,,,
91205,"36,367",,,,
95062,"36,278",,,,
95820,"36,224",,,,
92508,"36,191",,,,
95901,"36,176",,,,
92869,"36,174",,,,
92649,"36,130",,,,
92807,"36,110",,,,
94520,"36,107",,,,
92660,"36,100",,,,
91326,"36,079",,,,
92131,"36,070",,,,
94603,"35,996",,,,
94124,"35,982",,,,
91340,"35,918",,,,
93657,"35,854",,,,
90049,"35,853",,,,
94040,"35,800",,,,
93012,"35,794",,,,
92883,"35,788",,,,
91722,"35,714",,,,
95660,"35,649",,,,
91752,"35,641",,,,
90266,"35,585",,,,
94588,"35,532",,,,
91780,"35,494",,,,
92551,"35,421",,,,
94621,"35,379",,,,
95128,"35,367",,,,
92139,"35,364",,,,
91325,"35,355",,,,
95667,"35,343",,,,
92675,"35,319",,,,
92596,"35,294",,,,
91321,"35,231",,,,
94063,"35,163",,,,
94401,"35,095",,,,
90029,"35,037",,,,
94523,"34,957",,,,
92694,"34,879",,,,
91601,"34,786",,,,
95361,"34,725",,,,
96002,"34,693",,,,
92841,"34,650",,,,
92612,"34,640",,,,
91915,"34,616",,,,
92595,"34,611",,,,
93060,"34,583",,,,
95842,"34,578",,,,
95348,"34,489",,,,
94114,"34,474",,,,
94952,"34,457",,,,
91791,"34,411",,,,
91773,"34,407",,,,
90062,"34,277",,,,
96001,"34,253",,,,
92311,"34,204",,,,
94115,"34,193",,,,
92583,"34,103",,,,
95341,"34,045",,,,
91754,"33,931",,,,
92103,"33,873",,,,
91941,"33,858",,,,
94102,"33,856",,,,
90260,"33,794",,,,
94608,"33,755",,,,
95482,"33,744",,,,
90222,"33,729",,,,
91007,"33,689",,,,
95377,"33,630",,,,
90230,"33,620",,,,
93710,"33,507",,,,
94545,"33,496",,,,
94526,"33,473",,,,
91354,"33,461",,,,
91750,"33,406",,,,
93422,"33,195",,,,
94801,"33,178",,,,
91107,"33,148",,,,
93314,"33,134",,,,
91351,"33,131",,,,
95834,"33,102",,,,
95662,"33,099",,,,
93555,"33,060",,,,
95356,"33,055",,,,
94043,"33,052",,,,
92123,"33,035",,,,
90504,"33,022",,,,
90807,"32,994",,,,
93955,"32,979",,,,
91505,"32,884",,,,
95661,"32,880",,,,
92203,"32,829",,,,
94941,"32,711",,,,
95118,"32,703",,,,
91604,"32,680",,,,
90803,"32,631",,,,
90606,"32,583",,,,
91206,"32,570",,,,
92220,"32,523",,,,
91006,"32,499",,,,
94103,"32,430",,,,
92373,"32,340",,,,
93703,"32,329",,,,
93940,"32,273",,,,
95070,"32,189",,,,
94610,"32,144",,,,
93618,"32,044",,,,
91214,"32,009",,,,
95358,"31,938",,,,
91423,"31,901",,,,
93420,"31,864",,,,
93004,"31,705",,,,
90712,"31,701",,,,
91792,"31,649",,,,
92124,"31,593",,,,
93001,"31,588",,,,
95131,"31,566",,,,
95632,"31,509",,,,
94070,"31,477",,,,
92116,"31,470",,,,
96080,"31,469",,,,
91355,"31,469",,,,
94602,"31,451",,,,
93101,"31,439",,,,
92679,"31,406",,,,
95961,"31,402",,,,
92260,"31,286",,,,
93561,"31,281",,,,
95134,"31,172",,,,
94903,"31,150",,,,
92881,"31,061",,,,
90008,"31,046",,,,
94589,"31,033",,,,
92673,"30,972",,,,
90601,"30,955",,,,
92405,"30,930",,,,
91607,"30,921",,,,
95824,"30,783",,,,
95829,"30,594",,,,
90680,"30,500",,,,
92110,"30,318",,,,
94580,"30,262",,,,
95219,"30,242",,,,
92653,"30,183",,,,
95204,"30,135",,,,
92782,"30,123",,,,
93662,"30,123",,,,
90061,"29,992",,,,
92604,"29,983",,,,
91356,"29,968",,,,
91303,"29,965",,,,
92081,"29,944",,,,
90028,"29,887",,,,
95682,"29,836",,,,
95472,"29,753",,,,
92107,"29,753",,,,
96150,"29,727",,,,
94132,"29,707",,,,
93654,"29,697",,,,
92173,"29,634",,,,
94585,"29,560",,,,
91746,"29,525",,,,
94131,"29,437",,,,
95363,"29,364",,,,
91324,"29,328",,,,
91724,"29,309",,,,
92614,"29,307",,,,
93901,"29,295",,,,
90302,"29,278",,,,
91803,"29,223",,,,
95966,"29,203",,,,
93704,"29,184",,,,
92120,"29,172",,,,
90713,"29,113",,,,
90041,"28,956",,,,
95133,"28,902",,,,
90039,"28,839",,,,
95117,"28,832",,,,
91384,"28,693",,,,
93401,"28,654",,,,
95492,"28,635",,,,
94107,"28,607",,,,
92316,"28,593",,,,
95212,"28,561",,,,
94549,"28,545",,,,
95603,"28,479",,,,
90017,"28,433",,,,
95677,"28,412",,,,
94306,"28,394",,,,
93280,"28,337",,,,
95330,"28,325",,,,
91364,"28,264",,,,
91731,"28,244",,,,
94002,"28,201",,,,
94518,"28,201",,,,
91316,"28,182",,,,
90746,"28,067",,,,
90710,"27,998",,,,
90038,"27,995",,,,
94559,"27,913",,,,
95370,"27,896",,,,
92008,"27,742",,,,
91945,"27,685",,,,
91504,"27,592",,,,
92227,"27,530",,,,
95242,"27,448",,,,
92602,"27,425",,,,
91740,"27,379",,,,
94506,"27,375",,,,
90405,"27,367",,,,
94510,"27,327",,,,
92868,"27,233",,,,
91755,"27,197",,,,
95945,"27,188",,,,
94402,"27,188",,,,
95032,"27,149",,,,
94803,"27,133",,,,
94607,"27,022",,,,
91010,"27,008",,,,
92629,"26,929",,,,
92835,"26,917",,,,
91103,"26,909",,,,
95215,"26,898",,,,
92411,"26,895",,,,
94062,"26,847",,,,
92532,"26,840",,,,
91030,"26,837",,,,
92251,"26,740",,,,
91042,"26,686",,,,
92277,"26,666",,,,
93725,"26,620",,,,
90240,"26,590",,,,
94619,"26,514",,,,
95618,"26,478",,,,
94530,"26,461",,,,
91741,"26,460",,,,
94598,"26,441",,,,
90035,"26,411",,,,
93105,"26,382",,,,
91932,"26,375",,,,
93960,"26,357",,,,
91784,"26,330",,,,
93933,"26,301",,,,
91302,"26,241",,,,
93035,"26,224",,,,
95815,"26,211",,,,
92860,"26,204",,,,
95409,"26,179",,,,
92211,"26,106",,,,
90304,"26,103",,,,
94133,"26,090",,,,
91403,"26,061",,,,
94547,"26,050",,,,
94123,"26,002",,,,
90249,"25,929",,,,
90602,"25,907",,,,
92262,"25,888",,,,
92284,"25,832",,,,
91307,"25,773",,,,
91301,"25,737",,,,
92832,"25,720",,,,
90291,"25,685",,,,
94947,"25,468",,,,
90270,"25,415",,,,
95864,"25,367",,,,
95003,"25,244",,,,
92585,"25,238",,,,
95776,"25,230",,,,
95354,"25,165",,,,
90064,"25,161",,,,
92606,"25,126",,,,
94704,"25,124",,,,
93405,"25,081",,,,
95367,"25,037",,,,
90274,"24,890",,,,
90740,"24,721",,,,
93907,"24,667",,,,
96007,"24,666",,,,
94609,"24,623",,,,
90403,"24,525",,,,
92011,"24,518",,,,
92119,"24,465",,,,
95054,"24,404",,,,
90015,"24,228",,,,
94024,"24,203",,,,
91775,"24,079",,,,
92651,"24,042",,,,
95501,"24,007",,,,
90292,"23,951",,,,
91411,"23,902",,,,
95503,"23,878",,,,
94085,"23,805",,,,
91737,"23,790",,,,
94597,"23,725",,,,
90720,"23,660",,,,
91106,"23,589",,,,
93610,"23,575",,,,
94089,"23,492",,,,
90404,"23,460",,,,
90303,"23,415",,,,
95391,"23,235",,,,
93041,"23,210",,,,
95405,"23,176",,,,
93212,"23,148",,,,
94030,"23,083",,,,
94596,"23,046",,,,
92354,"22,977",,,,
95531,"22,887",,,,
91201,"22,807",,,,
91202,"22,757",,,,
93263,"22,642",,,,
92844,"22,601",,,,
95818,"22,423",,,,
95746,"22,345",,,,
95521,"22,259",,,,
93444,"22,032",,,,
95135,"22,010",,,,
92108,"21,995",,,,
96130,"21,904",,,,
95965,"21,891",,,,
94503,"21,874",,,,
90717,"21,727",,,,
93023,"21,691",,,,
92501,"21,610",,,,
90732,"21,582",,,,
92663,"21,523",,,,
92808,"21,496",,,,
95620,"21,494",,,,
92865,"21,384",,,,
91040,"21,289",,,,
90272,"21,282",,,,
92225,"21,272",,,,
95827,"21,241",,,,
95949,"21,240",,,,
90603,"21,236",,,,
93560,"21,195",,,,
90715,"21,174",,,,
90068,"21,127",,,,
92371,"21,123",,,,
94579,"21,034",,,,
94706,"20,962",,,,
94127,"20,927",,,,
95841,"20,892",,,,
92106,"20,889",,,,
92344,"20,768",,,,
93630,"20,736",,,,
93203,"20,674",,,,
91011,"20,621",,,,
92582,"20,580",,,,
90048,"20,504",,,,
94519,"20,495",,,,
91602,"20,465",,,,
92887,"20,395",,,,
95110,"20,377",,,,
92082,"20,300",,,,
92377,"20,201",,,,
91381,"20,193",,,,
90069,"20,185",,,,
95819,"20,146",,,,
94022,"20,069",,,,
92586,"20,022",,,,
92264,"19,965",,,,
94703,"19,857",,,,
95138,"19,827",,,,
90254,"19,787",,,,
91390,"19,772",,,,
92118,"19,672",,,,
93927,"19,665",,,,
90210,"19,627",,,,
91101,"19,542",,,,
91501,"19,493",,,,
92029,"19,466",,,,
91361,"19,454",,,,
94563,"19,454",,,,
91506,"19,449",,,,
93103,"19,282",,,,
90814,"19,166",,,,
92603,"19,128",,,,
94564,"19,065",,,,
96161,"19,058",,,,
93015,"18,810",,,,
91345,"18,752",,,,
91204,"18,738",,,,
93210,"18,733",,,,
95602,"18,705",,,,
95519,"18,467",,,,
95366,"18,462",,,,
92587,"18,432",,,,
91723,"18,398",,,,
91901,"18,367",,,,
93111,"18,327",,,,
95959,"18,280",,,,
94949,"18,273",,,,
93268,"18,113",,,,
90502,"18,110",,,,
95816,"18,033",,,,
92617,"17,960",,,,
93728,"17,779",,,,
91902,"17,759",,,,
91914,"17,742",,,,
92637,"17,546",,,,
94945,"17,482",,,,
94595,"17,455",,,,
90670,"17,446",,,,
95673,"17,332",,,,
94618,"17,324",,,,
95334,"17,253",,,,
90245,"17,243",,,,
94301,"17,243",,,,
93247,"17,182",,,,
92270,"17,129",,,,
91436,"16,970",,,,
93930,"16,945",,,,
94612,"16,884",,,,
90265,"16,868",,,,
95963,"16,812",,,,
95422,"16,759",,,,
93631,"16,738",,,,
94542,"16,705",,,,
95448,"16,596",,,,
94702,"16,557",,,,
91203,"16,557",,,,
93241,"16,543",,,,
93013,"16,515",,,,
94305,"16,469",,,,
90701,"16,390",,,,
93110,"16,345",,,,
95203,"16,255",,,,
92010,"15,976",,,,
95437,"15,903",,,,
94960,"15,871",,,,
94505,"15,796",,,,
90623,"15,703",,,,
93402,"15,692",,,,
94556,"15,672",,,,
96021,"15,660",,,,
95304,"15,585",,,,
93648,"15,507",,,,
94019,"15,452",,,,
90232,"15,342",,,,
93250,"15,318",,,,
91208,"15,316",,,,
95066,"15,265",,,,
90305,"15,254",,,,
92845,"15,240",,,,
93950,"15,169",,,,
94552,"15,131",,,,
95540,"14,989",,,,
92866,"14,966",,,,
93514,"14,949",,,,
93505,"14,914",,,,
94041,"14,862",,,,
96022,"14,793",,,,
94805,"14,783",,,,
94502,"14,732",,,,
95368,"14,674",,,,
95252,"14,644",,,,
95650,"14,479",,,,
95605,"14,328",,,,
95490,"14,256",,,,
91708,"14,179",,,,
94705,"14,150",,,,
95817,"14,109",,,,
90716,"14,050",,,,
93301,"14,004",,,,
95742,"13,955",,,,
94507,"13,906",,,,
93640,"13,884",,,,
93204,"13,881",,,,
93221,"13,865",,,,
94105,"13,810",,,,
93543,"13,793",,,,
95357,"13,740",,,,
91377,"13,561",,,,
95360,"13,551",,,,
95030,"13,528",,,,
95832,"13,446",,,,
90013,"13,413",,,,
94904,"13,391",,,,
95315,"13,334",,,,
95388,"13,270",,,,
95130,"13,147",,,,
93723,"13,109",,,,
92625,"13,102",,,,
92313,"13,079",,,,
93636,"12,921",,,,
95640,"12,915",,,,
91105,"12,888",,,,
93433,"12,846",,,,
92274,"12,843",,,,
92014,"12,823",,,,
90293,"12,812",,,,
93730,"12,810",,,,
94920,"12,803",,,,
93923,"12,758",,,,
91108,"12,755",,,,
95451,"12,611",,,,
93908,"12,605",,,,
92610,"12,524",,,,
95320,"12,481",,,,
94707,"12,313",,,,
95814,"12,302",,,,
92075,"12,234",,,,
94517,"12,200",,,,
92408,"12,169",,,,
94709,"12,115",,,,
90402,"12,046",,,,
91502,"12,044",,,,
95948,"12,010",,,,
94108,"11,963",,,,
93614,"11,951",,,,
94708,"11,937",,,,
90040,"11,844",,,,
94965,"11,821",,,,
90755,"11,813",,,,
94065,"11,772",,,,
93647,"11,575",,,,
95453,"11,523",,,,
91207,"11,488",,,,
90248,"11,472",,,,
92007,"11,447",,,,
90094,"11,426",,,,
95073,"11,359",,,,
95425,"11,337",,,,
93109,"11,291",,,,
91024,"11,253",,,,
93442,"11,250",,,,
95953,"11,247",,,,
95954,"11,234",,,,
93108,"11,097",,,,
90212,"10,999",,,,
91978,"10,979",,,,
92314,"10,905",,,,
94571,"10,776",,,,
95338,"10,726",,,,
92136,"10,676",,,,
94158,"10,658",,,,
95012,"10,647",,,,
95064,"10,646",,,,
93286,"10,500",,,,
96019,"10,486",,,,
93223,"10,485",,,,
92567,"10,480",,,,
93646,"10,425",,,,
95386,"10,371",,,,
95119,"10,354",,,,
95326,"10,254",,,,
93465,"10,192",,,,
96097,"10,169",,,,
94925,"10,145",,,,
93701,"10,123",,,,
92320,"10,053",,,,
93219,"10,047",,,,
95322,"10,012",,,,
92055,"9,891",,,,
95713,"9,869",,,,
95694,"9,858",,,,
95033,"9,767",,,,
92359,"9,587",,,,
94572,"9,546",,,,
93622,"9,483",,,,
91935,"9,450",,,,
92657,"9,342",,,,
90211,"9,202",,,,
95327,"9,165",,,,
92310,"9,100",,,,
95946,"9,086",,,,
93926,"9,086",,,,
92067,"9,060",,,,
95969,"9,032",,,,
94931,"8,966",,,,
95006,"8,873",,,,
93620,"8,865",,,,
95010,"8,808",,,,
92252,"8,797",,,,
94930,"8,796",,,,
93546,"8,779",,,,
95324,"8,639",,,,
93463,"8,598",,,,
90014,"8,547",,,,
95988,"8,483",,,,
92655,"8,440",,,,
92325,"8,347",,,,
92249,"8,346",,,,
95065,"8,301",,,,
93625,"8,273",,,,
95220,"8,251",,,,
93721,"8,168",,,,
93434,"8,138",,,,
93449,"8,058",,,,
94710,"8,056",,,,
92276,"8,052",,,,
95005,"8,020",,,,
95932,"7,963",,,,
90056,"7,956",,,,
93644,"7,889",,,,
91020,"7,869",,,,
94574,"7,859",,,,
95316,"7,832",,,,
92250,"7,798",,,,
95726,"7,754",,,,
90077,"7,729",,,,
92548,"7,665",,,,
96067,"7,518",,,,
90401,"7,482",,,,
92254,"7,478",,,,
92233,"7,454",,,,
95811,"7,432",,,,
92241,"7,319",,,,
94939,"7,274",,,,
94515,"7,269",,,,
95693,"7,247",,,,
94027,"7,213",,,,
95139,"7,144",,,,
93445,"7,061",,,,
93737,"7,051",,,,
93410,"7,021",,,,
93510,"7,010",,,,
93591,"6,914",,,,
95642,"6,913",,,,
95019,"6,912",,,,
92356,"6,901",,,,
96094,"6,846",,,,
95436,"6,602",,,,
94028,"6,582",,,,
95709,"6,495",,,,
93234,"6,485",,,,
94720,"6,467",,,,
93924,"6,416",,,,
95619,"6,407",,,,
92624,"6,398",,,,
95987,"6,370",,,,
92342,"6,347",,,,
95683,"6,311",,,,
93022,"6,140",,,,
95467,"6,109",,,,
95971,"6,106",,,,
93267,"6,079",,,,
95658,"6,023",,,,
95631,"6,022",,,,
95046,"6,005",,,,
93615,"5,994",,,,
95626,"5,978",,,,
95202,"5,976",,,,
95672,"5,937",,,,
93460,"5,933",,,,
93427,"5,913",,,,
93240,"5,912",,,,
95470,"5,903",,,,
92861,"5,864",,,,
95018,"5,853",,,,
93256,"5,823",,,,
93656,"5,777",,,,
93428,"5,721",,,,
92372,"5,701",,,,
92823,"5,626",,,,
95666,"5,542",,,,
95249,"5,533",,,,
93225,"5,483",,,,
95671,"5,386",,,,
92352,"5,382",,,,
96073,"5,377",,,,
92590,"5,364",,,,
96101,"5,343",,,,
92363,"5,312",,,,
93609,"5,309",,,,
93106,"5,295",,,,
92315,"5,225",,,,
92397,"5,215",,,,
95222,"5,161",,,,
93501,"5,128",,,,
90290,"5,114",,,,
95692,"5,044",,,,
92369,"4,957",,,,
95231,"4,933",,,,
95722,"4,930",,,,
92210,"4,827",,,,
92539,"4,821",,,,
95685,"4,814",,,,
93451,"4,811",,,,
95655,"4,806",,,,
93270,"4,806",,,,
94005,"4,803",,,,
95912,"4,782",,,,
95446,"4,781",,,,
95236,"4,756",,,,
94111,"4,707",,,,
96088,"4,685",,,,
95665,"4,650",,,,
93272,"4,598",,,,
95614,"4,580",,,,
95228,"4,571",,,,
91906,"4,547",,,,
96013,"4,519",,,,
93202,"4,491",,,,
93235,"4,459",,,,
96064,"4,442",,,,
95623,"4,411",,,,
96093,"4,391",,,,
92382,"4,323",,,,
90010,"4,313",,,,
92003,"4,299",,,,
94304,"4,295",,,,
93581,"4,284",,,,
95004,"4,280",,,,
95627,"4,214",,,,
92121,"4,213",,,,
94129,"4,199",,,,
95917,"4,162",,,,
96055,"4,149",,,,
95365,"4,146",,,,
95258,"4,108",,,,
95237,"4,099",,,,
93675,"4,062",,,,
92179,"4,061",,,,
95045,"4,032",,,,
96122,"4,030",,,,
95938,"4,030",,,,
95383,"4,022",,,,
95634,"4,001",,,,
90704,"3,940",,,,
95379,"3,924",,,,
95321,"3,922",,,,
93523,"3,876",,,,
96041,"3,873",,,,
93660,"3,826",,,,
94508,"3,680",,,,
94535,"3,663",,,,
90058,"3,659",,,,
93437,"3,638",,,,
94018,"3,636",,,,
95053,"3,627",,,,
93953,"3,619",,,,
95247,"3,594",,,,
95328,"3,585",,,,
95461,"3,551",,,,
90089,"3,498",,,,
96143,"3,480",,,,
94525,"3,434",,,,
94599,"3,421",,,,
95633,"3,408",,,,
95562,"3,395",,,,
94951,"3,393",,,,
96035,"3,320",,,,
92278,"3,318",,,,
93265,"3,308",,,,
92661,"3,279",,,,
92140,"3,249",,,,
95423,"3,244",,,,
94038,"3,227",,,,
96114,"3,200",,,,
95458,"3,196",,,,
94130,"3,185",,,,
95457,"3,178",,,,
92256,"3,159",,,,
95546,"3,121",,,,
95536,"3,120",,,,
96137,"3,101",,,,
93602,"3,089",,,,
95982,"3,070",,,,
92145,"3,044",,,,
95485,"3,042",,,,
95333,"3,031",,,,
91330,"3,017",,,,
93409,"2,989",,,,
92036,"2,981",,,,
93242,"2,974",,,,
92549,"2,896",,,,
94037,"2,879",,,,
93643,"2,836",,,,
95684,"2,820",,,,
92004,"2,779",,,,
95663,"2,771",,,,
95428,"2,761",,,,
93532,"2,745",,,,
93066,"2,741",,,,
90021,"2,724",,,,
94964,"2,700",,,,
92285,"2,699",,,,
96145,"2,671",,,,
95223,"2,650",,,,
93650,"2,646",,,,
93430,"2,624",,,,
96032,"2,618",,,,
95464,"2,587",,,,
93921,"2,564",,,,
93516,"2,548",,,,
92281,"2,548",,,,
96020,"2,542",,,,
95442,"2,521",,,,
95570,"2,515",,,,
91962,"2,507",,,,
95542,"2,506",,,,
95951,"2,498",,,,
95329,"2,497",,,,
92365,"2,485",,,,
90067,"2,483",,,,
92662,"2,471",,,,
93453,"2,449",,,,
95245,"2,422",,,,
93271,"2,401",,,,
92536,"2,401",,,,
93616,"2,379",,,,
92230,"2,357",,,,
93205,"2,342",,,,
95002,"2,325",,,,
95460,"2,311",,,,
95211,"2,304",,,,
95669,"2,296",,,,
94514,"2,283",,,,
93626,"2,255",,,,
96113,"2,245",,,,
93283,"2,228",,,,
95113,"2,216",,,,
95638,"2,196",,,,
96025,"2,192",,,,
94020,"2,186",,,,
95567,"2,178",,,,
96134,"2,144",,,,
96052,"2,141",,,,
95445,"2,134",,,,
95690,"2,124",,,,
94511,"2,119",,,,
96027,"2,118",,,,
90639,"2,103",,,,
93285,"2,087",,,,
92401,"2,085",,,,
95454,"2,076",,,,
93944,"2,017",,,,
93667,"2,005",,,,
93249,"2,002",,,,
92391,"1,996",,,,
95703,"1,993",,,,
95311,"1,991",,,,
92676,"1,988",,,,
93222,"1,968",,,,
91916,"1,966",,,,
94957,"1,949",,,,
92386,"1,943",,,,
95372,"1,937",,,,
92283,"1,918",,,,
90263,"1,913",,,,
93261,"1,906",,,,
95942,"1,892",,,,
93266,"1,889",,,,
93040,"1,829",,,,
93651,"1,802",,,,
95441,"1,802",,,,
95551,"1,794",,,,
92273,"1,781",,,,
93562,"1,757",,,,
95255,"1,748",,,,
95421,"1,743",,,,
95903,"1,730",,,,
93527,"1,705",,,,
95374,"1,702",,,,
93920,"1,701",,,,
92061,"1,694",,,,
93206,"1,665",,,,
95977,"1,662",,,,
95975,"1,661",,,,
95524,"1,660",,,,
95319,"1,658",,,,
93252,"1,646",,,,
92561,"1,646",,,,
96028,"1,641",,,,
95560,"1,640",,,,
93513,"1,636",,,,
93545,"1,629",,,,
91905,"1,616",,,,
95612,"1,606",,,,
95918,"1,598",,,,
93426,"1,591",,,,
95528,"1,548",,,,
95689,"1,520",,,,
93925,"1,513",,,,
93544,"1,511",,,,
96103,"1,506",,,,
96118,"1,494",,,,
95323,"1,489",,,,
95469,"1,469",,,,
95947,"1,464",,,,
95449,"1,460",,,,
93601,"1,455",,,,
92059,"1,445",,,,
93461,"1,442",,,,
95310,"1,431",,,,
95641,"1,431",,,,
92398,"1,424",,,,
95589,"1,419",,,,
95389,"1,380",,,,
95415,"1,380",,,,
95525,"1,379",,,,
93653,"1,370",,,,
95426,"1,362",,,,
95039,"1,360",,,,
95452,"1,360",,,,
95955,"1,356",,,,
93440,"1,354",,,,
94973,"1,344",,,,
95573,"1,342",,,,
92091,"1,331",,,,
96140,"1,323",,,,
95465,"1,316",,,,
95468,"1,312",,,,
92086,"1,306",,,,
95246,"1,305",,,,
94060,"1,293",,,,
96023,"1,288",,,,
94923,"1,283",,,,
93201,"1,283",,,,
92282,"1,274",,,,
93239,"1,273",,,,
95681,"1,269",,,,
95968,"1,265",,,,
92242,"1,256",,,,
95313,"1,250",,,,
96056,"1,247",,,,
93246,"1,246",,,,
93740,"1,237",,,,
96048,"1,235",,,,
95645,"1,233",,,,
94924,"1,232",,,,
95549,"1,226",,,,
95636,"1,205",,,,
96008,"1,188",,,,
94933,"1,185",,,,
93608,"1,180",,,,
95547,"1,179",,,,
96109,"1,179",,,,
96051,"1,177",,,,
94956,"1,174",,,,
95919,"1,168",,,,
96146,"1,165",,,,
93258,"1,158",,,,
94575,"1,156",,,,
95686,"1,155",,,,
92339,"1,146",,,,
93606,"1,138",,,,
93668,"1,126",,,,
95346,"1,126",,,,
95937,"1,125",,,,
95387,"1,122",,,,
96044,"1,113",,,,
96069,"1,112",,,,
95916,"1,112",,,,
95462,"1,111",,,,
94937,"1,109",,,,
95962,"1,107",,,,
92518,"1,103",,,,
94592,"1,096",,,,
95548,"1,079",,,,
95497,"1,078",,,,
93424,"1,075",,,,
95615,"1,062",,,,
96120,"1,061",,,,
93441,"1,059",,,,
93553,"1,056",,,,
96057,"1,052",,,,
92328,"1,049",,,,
95701,"1,049",,,,
92275,"1,043",,,,
95466,"1,042",,,,
93432,"1,039",,,,
92257,"1,018",,,,
92368,"1,017",,,,
93624,"1,016",,,,
92321,"1,010",,,,
96062,"1,006",,,,
95225,"1,001",,,,
95017,992,,,,
95664,986,,,,
93254,986,,,,
95410,981,,,,
95538,975,,,,
95317,963,,,,
95652,961,,,,
96024,952,,,,
91125,925,,,,
96039,923,,,,
95556,921,,,,
93243,920,,,,
93518,918,,,,
95674,906,,,,
93928,904,,,,
95227,901,,,,
96104,885,,,,
93043,884,,,,
93255,883,,,,
90073,881,,,,
92070,869,,,,
95303,860,,,,
92322,847,,,,
95306,844,,,,
94586,844,,,,
92358,843,,,,
95459,836,,,,
95957,831,,,,
95563,830,,,,
96047,824,,,,
96142,818,,,,
95659,809,,,,
95471,809,,,,
93238,808,,,,
96096,808,,,,
95369,798,,,,
93450,798,,,,
95041,796,,,,
91934,796,,,,
93526,790,,,,
94567,787,,,,
96087,784,,,,
95456,780,,,,
91008,774,,,,
95254,769,,,,
91917,769,,,,
91931,765,,,,
95553,762,,,,
92327,756,,,,
92347,754,,,,
93666,741,,,,
92317,739,,,,
94613,737,,,,
95635,734,,,,
93218,726,,,,
96107,714,,,,
96148,706,,,,
96091,705,,,,
95427,700,,,,
95629,697,,,,
96038,687,,,,
95565,669,,,,
92350,665,,,,
95345,664,,,,
95385,660,,,,
94946,657,,,,
94528,655,,,,
96084,650,,,,
95960,647,,,,
96058,644,,,,
92135,641,,,,
95043,641,,,,
92678,638,,,,
95943,637,,,,
96006,634,,,,
95537,632,,,,
92258,627,,,,
95922,620,,,,
95230,619,,,,
96141,600,,,,
95432,599,,,,
96128,595,,,,
94970,594,,,,
92309,593,,,,
93517,592,,,,
95075,589,,,,
95830,585,,,,
95526,566,,,,
95444,559,,,,
95939,552,,,,
93673,551,,,,
95668,548,,,,
95930,546,,,,
95543,536,,,,
95651,535,,,,
95950,531,,,,
95914,518,,,,
95253,513,,,,
94938,511,,,,
93452,510,,,,
95439,510,,,,
96129,508,,,,
95251,507,,,,
94922,504,,,,
94104,504,,,,
92268,503,,,,
91963,501,,,,
95564,495,,,,
93645,494,,,,
96106,494,,,,
95970,490,,,,
90743,487,,,,
96090,483,,,,
95653,478,,,,
93932,477,,,,
95527,474,,,,
95585,473,,,,
93224,470,,,,
90742,470,,,,
94548,470,,,,
96124,468,,,,
92333,462,,,,
93407,457,,,,
95552,453,,,,
95675,451,,,,
92378,446,,,,
93954,446,,,,
95007,441,,,,
92305,439,,,,
95257,429,,,,
95956,429,,,,
96050,426,,,,
93652,420,,,,
96033,420,,,,
95318,410,,,,
95714,405,,,,
96059,394,,,,
94929,394,,,,
92060,392,,,,
95221,389,,,,
95983,381,,,,
96015,374,,,,
93627,373,,,,
93531,371,,,,
96034,369,,,,
94940,368,,,,
91759,367,,,,
96133,363,,,,
95979,362,,,,
92066,358,,,,
96016,357,,,,
94971,356,,,,
95728,355,,,,
93541,353,,,,
96105,352,,,,
95555,350,,,,
95935,344,,,,
93604,343,,,,
95412,341,,,,
95554,340,,,,
92155,340,,,,
92341,339,,,,
96075,336,,,,
96092,334,,,,
96065,332,,,,
95435,331,,,,
93664,321,,,,
94963,317,,,,
92134,316,,,,
93067,316,,,,
93669,312,,,,
95601,310,,,,
96121,308,,,,
92239,301,,,,
96126,301,,,,
95417,299,,,,
95941,290,,,,
93512,284,,,,
93251,281,,,,
96009,281,,,,
95837,279,,,,
95545,277,,,,
93628,274,,,,
93603,268,,,,
95558,266,,,,
93207,264,,,,
93670,263,,,,
93529,263,,,,
94021,263,,,,
95925,258,,,,
93549,258,,,,
95233,250,,,,
93665,247,,,,
93563,247,,,,
94569,247,,,,
91210,244,,,,
95697,243,,,,
95639,243,,,,
95312,241,,,,
96054,237,,,,
95646,232,,,,
96086,230,,,,
95595,226,,,,
96117,226,,,,
95420,225,,,,
92259,221,,,,
94516,218,,,,
95913,218,,,,
95698,213,,,,
95419,213,,,,
92147,212,,,,
95450,212,,,,
96063,210,,,,
96112,210,,,,
92389,209,,,,
93962,203,,,,
95606,202,,,,
95607,201,,,,
93237,200,,,,
95920,198,,,,
96011,196,,,,
95568,195,,,,
91046,194,,,,
96076,191,,,,
93641,188,,,,
95488,185,,,,
92266,183,,,,
95569,181,,,,
97635,177,,,,
96029,177,,,,
92385,176,,,,
95910,174,,,,
92332,174,,,,
95984,170,,,,
95679,169,,,,
96068,165,,,,
95676,164,,,,
93260,158,,,,
95717,155,,,,
96017,152,,,,
95625,152,,,,
95550,151,,,,
95224,148,,,,
96125,146,,,,
95232,145,,,,
93276,144,,,,
94972,142,,,,
95637,142,,,,
95972,141,,,,
96108,141,,,,
94074,140,,,,
96074,137,,,,
91948,137,,,,
96046,135,,,,
93227,131,,,,
95443,129,,,,
93605,126,,,,
95429,122,,,,
93042,121,,,,
95140,118,,,,
95305,118,,,,
90822,117,,,,
95571,116,,,,
96014,114,,,,
95978,114,,,,
95936,113,,,,
95494,113,,,,
96135,113,,,,
93524,108,,,,
96115,107,,,,
93208,106,,,,
95720,106,,,,
95613,105,,,,
96010,104,,,,
96037,103,,,,
95511,102,,,,
93244,102,,,,
95934,102,,,,
95986,99,,,,
95335,97,,,,
95736,96,,,,
93287,93,,,,
93528,90,,,,
95463,86,,,,
96040,86,,,,
94573,85,,,,
95493,79,,,,
93554,78,,,,
94576,78,,,,
95974,77,,,,
95715,76,,,,
95431,75,,,,
95514,74,,,,
93522,74,,,,
95587,72,,,,
95981,67,,,,
95375,65,,,,
96123,65,,,,
95944,64,,,,
93741,63,,,,
95325,60,,,,
96136,58,,,,
95923,56,,,,
93429,55,,,,
96031,51,,,,
93226,51,,,,
95735,50,,,,
95486,49,,,,
95248,38,,,,
90747,35,,,,
95604,35,,,,
93220,33,,,,
96110,33,,,,
93408,32,,,,
93621,31,,,,
96116,31,,,,
93530,31,,,,
92222,31,,,,
95480,31,,,,
93262,29,,,,
90071,28,,,,
92384,27,,,,
95013,27,,,,
96085,25,,,,
96132,25,,,,
96111,22,,,,
96119,22,,,,
93634,22,,,,
92267,22,,,,
96071,20,,,,
93558,17,,,,
91608,16,,,,
95430,15,,,,
95699,13,,,,
92364,12,,,,
93623,9,,,,
94950,7,,,,